,ba_rank,beer_name,brewery_name,style,abv,ba_score,num_ratings,beer_url,brewery_url,style_url,brewery_address,zips,lat,lng,state
0,1,Kentucky Brunch Brand Stout,Toppling Goliath Brewing Company,American Imperial Stout,12.0,4.84,745,/beer/profile/23222/78820/,/beer/profile/23222/,/beer/styles/157/,"1600 Prosperity Rd, Decorah, Iowa, 52101",52101,43.345879,-91.77186999999999,IA
1,2,Marshmallow Handjee,3 Floyds Brewing Co.,Russian Imperial Stout,15.0,4.74,1659,/beer/profile/26/42349/,/beer/profile/26/,/beer/styles/84/,"9750 Indiana Pkwy, Munster, Indiana, 46321-4004",46321,41.551457,-87.50143,IN
2,3,Barrel-Aged Abraxas,Perennial Artisan Ales,American Imperial Stout,11.0,4.74,1492,/beer/profile/25888/87246/,/beer/profile/25888/,/beer/styles/157/,"8125 Michigan Ave, Saint Louis, Missouri, 63111-3500",63111,38.559302,-90.25174,MO
3,4,Hunahpu's Imperial Stout - Double Barrel Aged,Cigar City Brewing,American Imperial Stout,11.0,4.73,1602,/beer/profile/17981/110635/,/beer/profile/17981/,/beer/styles/157/,"3924 W Spruce St, Tampa, Florida, 33607-2441",33607,27.963797999999997,-82.49537,FL
4,5,King Julius,Tree House Brewing Company,New England IPA,8.3,4.73,934,/beer/profile/28743/87846/,/beer/profile/28743/,/beer/styles/189/,"129 Sturbridge Rd, Charlton, Massachusetts, 01507",1507,42.135142,-71.96961,MA
5,6,Heady Topper,The Alchemist,New England IPA,8.0,4.71,14495,/beer/profile/46317/16814/,/beer/profile/46317/,/beer/styles/189/,"100 Cottage Club Rd, Stowe, Vermont, 05672-4139",5672,44.475387,-72.70225,VT
6,7,Very Hazy,Tree House Brewing Company,New England IPA,8.6,4.72,828,/beer/profile/28743/146770/,/beer/profile/28743/,/beer/styles/189/,"129 Sturbridge Rd, Charlton, Massachusetts, 01507",1507,42.135142,-71.96961,MA
7,8,King JJJuliusss,Tree House Brewing Company,New England IPA,8.4,4.73,408,/beer/profile/28743/237238/,/beer/profile/28743/,/beer/styles/189/,"129 Sturbridge Rd, Charlton, Massachusetts, 01507",1507,42.135142,-71.96961,MA
8,10,Mornin' Delight,Toppling Goliath Brewing Company,American Imperial Stout,12.0,4.7,1503,/beer/profile/23222/76421/,/beer/profile/23222/,/beer/styles/157/,"1600 Prosperity Rd, Decorah, Iowa, 52101",52101,43.345879,-91.77186999999999,IA
9,11,SR-71,Toppling Goliath Brewing Company,American Imperial Stout,14.0,4.71,502,/beer/profile/23222/162502/,/beer/profile/23222/,/beer/styles/157/,"1600 Prosperity Rd, Decorah, Iowa, 52101",52101,43.345879,-91.77186999999999,IA
10,12,Pliny The Younger,Russian River Brewing Company,American Imperial IPA,10.25,4.69,3255,/beer/profile/863/21690/,/beer/profile/863/,/beer/styles/140/,"725 4th St, Santa Rosa, California, 95404-4407",95404,38.457611,-122.69317,CA
11,13,Fundamental Observation,Bottle Logic Brewing,American Imperial Stout,14.3,4.69,1282,/beer/profile/33824/172669/,/beer/profile/33824/,/beer/styles/157/,"1072 N Armando St, Anaheim, California, 92806-2605",92806,33.835465,-117.87361999999999,CA
12,14,Barrel Aged Imperial German Chocolate Cupcake Stout,Angry Chair Brewing,American Imperial Stout,11.0,4.72,233,/beer/profile/32409/271487/,/beer/profile/32409/,/beer/styles/157/,"6401 N Florida Ave, Tampa, Florida, 33604-6007",33604,28.016846,-82.4566,FL
13,15,Very Green,Tree House Brewing Company,New England IPA,8.6,4.68,1172,/beer/profile/28743/122114/,/beer/profile/28743/,/beer/styles/189/,"129 Sturbridge Rd, Charlton, Massachusetts, 01507",1507,42.135142,-71.96961,MA
14,16,Bourbon County Brand Coffee Stout,Goose Island Beer Co.,American Imperial Stout,12.9,4.67,7395,/beer/profile/1146/57747/,/beer/profile/1146/,/beer/styles/157/,"1800 W Fulton St, Chicago, Illinois, 60612-2512",60612,41.880682,-87.6877,IL
15,17,Juice Machine,Tree House Brewing Company,New England IPA,8.2,4.68,787,/beer/profile/28743/207976/,/beer/profile/28743/,/beer/styles/189/,"129 Sturbridge Rd, Charlton, Massachusetts, 01507",1507,42.135142,-71.96961,MA
16,18,It Was All A Dream,J. Wakefield Brewing,American Imperial Stout,17.0,4.73,110,/beer/profile/36710/263446/,/beer/profile/36710/,/beer/styles/157/,"120 NW 24th St, Miami, Florida, 33127-4414",33127,25.813807999999998,-80.2058,FL
17,19,CBS (Canadian Breakfast Stout),Founders Brewing Company,American Imperial Stout,11.7,4.65,6055,/beer/profile/1199/47658/,/beer/profile/1199/,/beer/styles/157/,"235 Grandville Ave SW, Grand Rapids, Michigan, 49503",49503,42.964176,-85.65885,MI
18,20,Julius,Tree House Brewing Company,New England IPA,6.8,4.65,4592,/beer/profile/28743/86237/,/beer/profile/28743/,/beer/styles/189/,"129 Sturbridge Rd, Charlton, Massachusetts, 01507",1507,42.135142,-71.96961,MA
19,22,Double Sunshine,Lawson's Finest Liquids,American Imperial IPA,8.0,4.65,2388,/beer/profile/17980/64545/,/beer/profile/17980/,/beer/styles/140/,"155 Carroll Rd, Waitsfield, Vermont, 05673",5673,44.184703999999996,-72.8367,VT
20,23,Westly,Sante Adairius Rustic Ales,American Wild Ale,8.5,4.67,345,/beer/profile/28019/136652/,/beer/profile/28019/,/beer/styles/171/,"103 Kennedy Dr, Capitola, California, 95010-3640",95010,36.9761,-121.95316000000001,CA
21,24,Assassin,Toppling Goliath Brewing Company,American Imperial Stout,12.0,4.65,1339,/beer/profile/23222/78660/,/beer/profile/23222/,/beer/styles/157/,"1600 Prosperity Rd, Decorah, Iowa, 52101",52101,43.345879,-91.77186999999999,IA
22,25,Framboise Du Fermier,Side Project Brewing,Belgian Saison,8.0,4.68,234,/beer/profile/32319/168050/,/beer/profile/32319/,/beer/styles/129/,"7373 Marietta Ave, Maplewood, Missouri, 63143-3101",63143,38.612452000000005,-90.31822,MO
23,26,Speedway Stout - Vietnamese Coffee - Bourbon-Barrel Aged,AleSmith Brewing Company,American Imperial Stout,12.0,4.65,914,/beer/profile/396/123286/,/beer/profile/396/,/beer/styles/157/,"9990 AleSmith Ct, San Diego, California, 92126",92126,32.914346,-117.14116000000001,CA
24,27,Pliny The Elder,Russian River Brewing Company,American Imperial IPA,8.0,4.64,15086,/beer/profile/863/7971/,/beer/profile/863/,/beer/styles/140/,"725 4th St, Santa Rosa, California, 95404-4407",95404,38.457611,-122.69317,CA
25,28,JJJuliusss,Tree House Brewing Company,New England IPA,6.8,4.65,532,/beer/profile/28743/174063/,/beer/profile/28743/,/beer/styles/189/,"129 Sturbridge Rd, Charlton, Massachusetts, 01507",1507,42.135142,-71.96961,MA
26,30,Anabasis,Side Project Brewing,American Barleywine,14.0,4.7,128,/beer/profile/32319/157262/,/beer/profile/32319/,/beer/styles/19/,"7373 Marietta Ave, Maplewood, Missouri, 63143-3101",63143,38.612452000000005,-90.31822,MO
27,31,Doubleganger,Tree House Brewing Company,New England IPA,8.2,4.64,889,/beer/profile/28743/259249/,/beer/profile/28743/,/beer/styles/189/,"129 Sturbridge Rd, Charlton, Massachusetts, 01507",1507,42.135142,-71.96961,MA
28,32,Abner,Hill Farmstead Brewery,New England IPA,8.2,4.63,2764,/beer/profile/22511/58299/,/beer/profile/22511/,/beer/styles/189/,"403 Hill Rd, Greensboro Bend, Vermont, 05842-8813",5842,44.574196,-72.24333,VT
29,33,Dinner,Maine Beer Company,New England IPA,8.2,4.63,2391,/beer/profile/20681/115317/,/beer/profile/20681/,/beer/styles/189/,"525 US Route 1, Freeport, Maine, 04032-7009",4032,43.843778,-70.10172,ME
30,34,Duck Duck Gooze,The Lost Abbey,Belgian Gueuze,7.0,4.62,1883,/beer/profile/18149/51116/,/beer/profile/18149/,/beer/styles/14/,"155 Mata Way #104, San Marcos, California, 92069-2983",92069,33.144908,-117.17128000000001,CA
31,36,Nectarine Premiere,de Garde Brewing,Belgian Saison,7.1,4.64,333,/beer/profile/31540/169616/,/beer/profile/31540/,/beer/styles/129/,"114 Ivy Ave, Tillamook, Oregon, 97141-8043",97141,45.459109000000005,-123.80389,OR
32,37,Beer:Barrel:Time,Side Project Brewing,American Imperial Stout,15.0,4.67,151,/beer/profile/32319/275206/,/beer/profile/32319/,/beer/styles/157/,"7373 Marietta Ave, Maplewood, Missouri, 63143-3101",63143,38.612452000000005,-90.31822,MO
33,38,V.S.O.J.,Revolution Brewing,British Barleywine,14.0,4.67,142,/beer/profile/22072/264097/,/beer/profile/22072/,/beer/styles/152/,"2323 N Milwaukee Ave, Chicago, Illinois, 60647-2924",60647,41.921126,-87.70085,IL
34,39,Parabola,Firestone Walker Brewing Co.,Russian Imperial Stout,12.7,4.61,6907,/beer/profile/2210/41815/,/beer/profile/2210/,/beer/styles/84/,"1400 Ramada Dr, Paso Robles, California, 93446",93446,35.640589,-120.70418000000001,CA
35,40,King Sue,Toppling Goliath Brewing Company,New England IPA,8.0,4.61,2453,/beer/profile/23222/113674/,/beer/profile/23222/,/beer/styles/189/,"1600 Prosperity Rd, Decorah, Iowa, 52101",52101,43.345879,-91.77186999999999,IA
36,41,Double Citra,Hill Farmstead Brewery,New England IPA,8.0,4.61,1958,/beer/profile/22511/69522/,/beer/profile/22511/,/beer/styles/189/,"403 Hill Rd, Greensboro Bend, Vermont, 05842-8813",5842,44.574196,-72.24333,VT
37,42,Fuzzy,Side Project Brewing,American Wild Ale,8.0,4.61,924,/beer/profile/32319/104649/,/beer/profile/32319/,/beer/styles/171/,"7373 Marietta Ave, Maplewood, Missouri, 63143-3101",63143,38.612452000000005,-90.31822,MO
38,43,KBS (Kentucky Breakfast Stout),Founders Brewing Company,American Imperial Stout,12.3,4.6,13547,/beer/profile/1199/19960/,/beer/profile/1199/,/beer/styles/157/,"235 Grandville Ave SW, Grand Rapids, Michigan, 49503",49503,42.964176,-85.65885,MI
39,44,Bourbon County Brand Stout,Goose Island Beer Co.,American Imperial Stout,15.2,4.6,12912,/beer/profile/1146/10672/,/beer/profile/1146/,/beer/styles/157/,"1800 W Fulton St, Chicago, Illinois, 60612-2512",60612,41.880682,-87.6877,IL
40,46,Headroom,Trillium Brewing Company,New England IPA,8.0,4.61,684,/beer/profile/30654/186936/,/beer/profile/30654/,/beer/styles/189/,"50 Thomson Pl., Boston, Massachusetts, 02210",2210,42.347974,-71.04463,MA
41,47,Grande Negro Voodoo Papi - Bourbon Barrel-Aged,Voodoo Brewery,American Imperial Stout,12.5,4.62,370,/beer/profile/13371/209691/,/beer/profile/13371/,/beer/styles/157/,"215 Arch St, Meadville, Pennsylvania, 16335",16335,41.637502000000005,-80.15214,PA
43,49,Bourbon County Brand Vanilla Stout,Goose Island Beer Co.,American Imperial Stout,14.9,4.6,1743,/beer/profile/1146/53980/,/beer/profile/1146/,/beer/styles/157/,"1800 W Fulton St, Chicago, Illinois, 60612-2512",60612,41.880682,-87.6877,IL
44,50,Double Galaxy,Hill Farmstead Brewery,New England IPA,8.0,4.6,1538,/beer/profile/22511/67760/,/beer/profile/22511/,/beer/styles/189/,"403 Hill Rd, Greensboro Bend, Vermont, 05842-8813",5842,44.574196,-72.24333,VT
46,52,Bourbon Paradise,Prairie Artisan Ales,American Imperial Stout,15.9,4.61,476,/beer/profile/30356/314813/,/beer/profile/30356/,/beer/styles/157/,"223 N Main St, Tulsa, Oklahoma, 74103",74103,36.156892,-95.99508,OK
47,53,Ghost In The Machine - Double Dry-Hopped,Parish Brewing Company,New England IPA,8.0,4.63,206,/beer/profile/24822/316306/,/beer/profile/24822/,/beer/styles/189/,"229 Jared Dr, Broussard, Louisiana, 70518-4362",70518,30.134801,-91.95251,LA
48,54,Ann,Hill Farmstead Brewery,Belgian Saison,6.5,4.61,404,/beer/profile/22511/81697/,/beer/profile/22511/,/beer/styles/129/,"403 Hill Rd, Greensboro Bend, Vermont, 05842-8813",5842,44.574196,-72.24333,VT
49,55,Abricot Du Fermier,Side Project Brewing,Belgian Saison,8.0,4.61,339,/beer/profile/32319/137889/,/beer/profile/32319/,/beer/styles/129/,"7373 Marietta Ave, Maplewood, Missouri, 63143-3101",63143,38.612452000000005,-90.31822,MO
50,56,Atrial Rubicite,Jester King Brewery,American Wild Ale,5.8,4.59,1888,/beer/profile/24018/94634/,/beer/profile/24018/,/beer/styles/171/,"13005 Fitzhugh Road, Bld. B, Austin, Texas, 78736",78736,30.245558000000003,-97.94176999999999,TX
51,57,Maman,Perennial Artisan Ales,American Imperial Stout,11.5,4.61,323,/beer/profile/25888/141394/,/beer/profile/25888/,/beer/styles/157/,"8125 Michigan Ave, Saint Louis, Missouri, 63111-3500",63111,38.559302,-90.25174,MO
52,58,Double Dry Hopped Congress Street,Trillium Brewing Company,New England IPA,7.2,4.59,1509,/beer/profile/30654/134064/,/beer/profile/30654/,/beer/styles/189/,"50 Thomson Pl., Boston, Massachusetts, 02210",2210,42.347974,-71.04463,MA
53,59,Society & Solitude #4,Hill Farmstead Brewery,New England IPA,8.0,4.59,1323,/beer/profile/22511/83008/,/beer/profile/22511/,/beer/styles/189/,"403 Hill Rd, Greensboro Bend, Vermont, 05842-8813",5842,44.574196,-72.24333,VT
54,60,Triple Shot,Tree House Brewing Company,American Imperial Stout,9.0,4.6,455,/beer/profile/28743/160275/,/beer/profile/28743/,/beer/styles/157/,"129 Sturbridge Rd, Charlton, Massachusetts, 01507",1507,42.135142,-71.96961,MA
55,61,Triple Sunshine,Lawson's Finest Liquids,American Imperial IPA,10.3,4.59,884,/beer/profile/17980/120372/,/beer/profile/17980/,/beer/styles/140/,"155 Carroll Rd, Waitsfield, Vermont, 05673",5673,44.184703999999996,-72.8367,VT
56,62,Zombie Dust,3 Floyds Brewing Co.,American Pale Ale (APA),6.2,4.58,10637,/beer/profile/26/64228/,/beer/profile/26/,/beer/styles/97/,"9750 Indiana Pkwy, Munster, Indiana, 46321-4004",46321,41.551457,-87.50143,IN
57,63,Green,Tree House Brewing Company,New England IPA,7.6,4.58,3093,/beer/profile/28743/88969/,/beer/profile/28743/,/beer/styles/189/,"129 Sturbridge Rd, Charlton, Massachusetts, 01507",1507,42.135142,-71.96961,MA
58,64,Doppelganger,Tree House Brewing Company,New England IPA,8.2,4.58,1859,/beer/profile/28743/211516/,/beer/profile/28743/,/beer/styles/189/,"129 Sturbridge Rd, Charlton, Massachusetts, 01507",1507,42.135142,-71.96961,MA
59,65,Double Dry Hopped Fort Point Pale Ale,Trillium Brewing Company,American Pale Ale (APA),6.6,4.58,1653,/beer/profile/30654/116067/,/beer/profile/30654/,/beer/styles/97/,"50 Thomson Pl., Boston, Massachusetts, 02210",2210,42.347974,-71.04463,MA
60,66,Swish,Bissell Brothers Brewing Co.,New England IPA,8.0,4.58,1550,/beer/profile/33519/123062/,/beer/profile/33519/,/beer/styles/189/,"4 Thompsons Pt Ste 108-109, Portland, Maine, 04102-2633",4102,43.658632,-70.2911,ME
61,68,Cable Car,The Lost Abbey,American Wild Ale,7.0,4.58,1070,/beer/profile/18149/38149/,/beer/profile/18149/,/beer/styles/171/,"155 Mata Way #104, San Marcos, California, 92069-2983",92069,33.144908,-117.17128000000001,CA
62,69,The Broken Truck,de Garde Brewing,American Wild Ale,5.0,4.6,285,/beer/profile/31540/173144/,/beer/profile/31540/,/beer/styles/171/,"114 Ivy Ave, Tillamook, Oregon, 97141-8043",97141,45.459109000000005,-123.80389,OR
63,70,Pirate Paradise,Prairie Artisan Ales,American Imperial Stout,13.0,4.6,257,/beer/profile/30356/247386/,/beer/profile/30356/,/beer/styles/157/,"223 N Main St, Tulsa, Oklahoma, 74103",74103,36.156892,-95.99508,OK
64,71,Black Tuesday - Reserve,The Bruery,American Imperial Stout,20.5,4.6,256,/beer/profile/16866/175916/,/beer/profile/16866/,/beer/styles/157/,"715 Dunn Way, Placentia, California, 92870",92870,33.883314,-117.85446,CA
65,72,Hunahpu's Imperial Stout,Cigar City Brewing,American Imperial Stout,11.0,4.57,4351,/beer/profile/17981/47022/,/beer/profile/17981/,/beer/styles/157/,"3924 W Spruce St, Tampa, Florida, 33607-2441",33607,27.963797999999997,-82.49537,FL
66,73,Focal Banger,The Alchemist,New England IPA,7.0,4.57,3915,/beer/profile/46317/111616/,/beer/profile/46317/,/beer/styles/189/,"100 Cottage Club Rd, Stowe, Vermont, 05672-4139",5672,44.475387,-72.70225,VT
67,74,The Peach,de Garde Brewing,American Wild Ale,7.3,4.6,244,/beer/profile/31540/199469/,/beer/profile/31540/,/beer/styles/171/,"114 Ivy Ave, Tillamook, Oregon, 97141-8043",97141,45.459109000000005,-123.80389,OR
68,75,Haze,Tree House Brewing Company,New England IPA,8.2,4.57,2827,/beer/profile/28743/125646/,/beer/profile/28743/,/beer/styles/189/,"129 Sturbridge Rd, Charlton, Massachusetts, 01507",1507,42.135142,-71.96961,MA
69,77,Moment Of Clarity,Tree House Brewing Company,English Sweet / Milk Stout,7.7,4.59,317,/beer/profile/28743/322847/,/beer/profile/28743/,/beer/styles/82/,"129 Sturbridge Rd, Charlton, Massachusetts, 01507",1507,42.135142,-71.96961,MA
70,79,Pugachev Royale,Hangar 24 Brewing,Russian Imperial Stout,14.8,4.59,301,/beer/profile/16843/107620/,/beer/profile/16843/,/beer/styles/84/,"1710 Sessums Dr, Redlands, California, 92374",92374,34.063264000000004,-117.16888,CA
71,80,Pseudo Sue - Double Dry-Hopped,Toppling Goliath Brewing Company,American Pale Ale (APA),5.8,4.57,1027,/beer/profile/23222/232168/,/beer/profile/23222/,/beer/styles/97/,"1600 Prosperity Rd, Decorah, Iowa, 52101",52101,43.345879,-91.77186999999999,IA
72,81,Coffee Cinnamon B-Bomb,Fremont Brewing Company,American Strong Ale,13.0,4.57,977,/beer/profile/20680/149554/,/beer/profile/20680/,/beer/styles/78/,"3409 Woodland Park Avenue North, Seattle, Washington, 98103",98103,47.671346,-122.34166,WA
73,83,Mexican Cake - Maple Bourbon Barrel-Aged,Westbrook Brewing Co.,American Imperial Stout,10.2,4.63,111,/beer/profile/24134/254978/,/beer/profile/24134/,/beer/styles/157/,"510 Ridge Rd, Mount Pleasant, South Carolina, 29464-7811",29464,32.813518,-79.85899,SC
74,84,Sip Of Sunshine,Lawson's Finest Liquids,American Imperial IPA,8.0,4.56,5643,/beer/profile/17980/117177/,/beer/profile/17980/,/beer/styles/140/,"155 Carroll Rd, Waitsfield, Vermont, 05673",5673,44.184703999999996,-72.8367,VT
75,85,Citra,Kern River Brewing Company,American Imperial IPA,8.0,4.56,1794,/beer/profile/14064/56082/,/beer/profile/14064/,/beer/styles/140/,"13415 Sierra Way, Kernville, California, 93238",93238,35.784366999999996,-118.43768999999999,CA
76,86,Galaxy Dry Hopped Fort Point Pale Ale,Trillium Brewing Company,American Pale Ale (APA),6.6,4.56,1704,/beer/profile/30654/107406/,/beer/profile/30654/,/beer/styles/97/,"50 Thomson Pl., Boston, Massachusetts, 02210",2210,42.347974,-71.04463,MA
77,87,3rd Anniversary Imperial IPA,Other Half Brewing Co.,New England IPA,10.0,4.58,298,/beer/profile/33510/260703/,/beer/profile/33510/,/beer/styles/189/,"195 Centre St, Brooklyn, New York, 11231-3907",11231,40.6788,-74.00254,NY
78,88,West Ashley,Sante Adairius Rustic Ales,American Wild Ale,7.3,4.56,1110,/beer/profile/28019/84772/,/beer/profile/28019/,/beer/styles/171/,"103 Kennedy Dr, Capitola, California, 95010-3640",95010,36.9761,-121.95316000000001,CA
79,89,Ephraim,Hill Farmstead Brewery,New England IPA,10.0,4.56,1054,/beer/profile/22511/62172/,/beer/profile/22511/,/beer/styles/189/,"403 Hill Rd, Greensboro Bend, Vermont, 05842-8813",5842,44.574196,-72.24333,VT
80,90,Bourbon Barrel Aged Dark Lord Imperial Stout,3 Floyds Brewing Co.,Russian Imperial Stout,15.0,4.56,922,/beer/profile/26/30184/,/beer/profile/26/,/beer/styles/84/,"9750 Indiana Pkwy, Munster, Indiana, 46321-4004",46321,41.551457,-87.50143,IN
81,91,Miami Madness,J. Wakefield Brewing,Berliner Weisse,5.5,4.57,423,/beer/profile/36710/155870/,/beer/profile/36710/,/beer/styles/87/,"120 NW 24th St, Miami, Florida, 33127-4414",33127,25.813807999999998,-80.2058,FL
82,92,Saison Du Fermier,Side Project Brewing,Belgian Saison,7.0,4.56,786,/beer/profile/32319/99350/,/beer/profile/32319/,/beer/styles/129/,"7373 Marietta Ave, Maplewood, Missouri, 63143-3101",63143,38.612452000000005,-90.31822,MO
83,93,Sunday Brunch,Kane Brewing Company,American Imperial Porter,9.2,4.56,771,/beer/profile/26676/129108/,/beer/profile/26676/,/beer/styles/192/,"1750 Bloomsbury Ave, Ocean, New Jersey, 07712",7712,40.232713000000004,-74.03143,NJ
84,94,Black Gold,Central Waters Brewing Co.,American Imperial Stout,11.0,4.56,753,/beer/profile/652/185536/,/beer/profile/652/,/beer/styles/157/,"351 Allen St, Amherst, Wisconsin, 54406-8954",54406,44.421110999999996,-89.30618,WI
85,95,4th Anniversary,Other Half Brewing Co.,New England IPA,10.0,4.59,191,/beer/profile/33510/325706/,/beer/profile/33510/,/beer/styles/189/,"195 Centre St, Brooklyn, New York, 11231-3907",11231,40.6788,-74.00254,NY
86,96,Supplication,Russian River Brewing Company,American Wild Ale,7.75,4.55,6564,/beer/profile/863/22227/,/beer/profile/863/,/beer/styles/171/,"725 4th St, Santa Rosa, California, 95404-4407",95404,38.457611,-122.69317,CA
88,98,Beatification,Russian River Brewing Company,American Wild Ale,6.0,4.55,2783,/beer/profile/863/27992/,/beer/profile/863/,/beer/styles/171/,"725 4th St, Santa Rosa, California, 95404-4407",95404,38.457611,-122.69317,CA
89,99,Alter Ego,Tree House Brewing Company,New England IPA,6.8,4.55,2436,/beer/profile/28743/176650/,/beer/profile/28743/,/beer/styles/189/,"129 Sturbridge Rd, Charlton, Massachusetts, 01507",1507,42.135142,-71.96961,MA
90,100,The Rusty Nail,Fremont Brewing Company,American Imperial Stout,14.5,4.56,564,/beer/profile/20680/116702/,/beer/profile/20680/,/beer/styles/157/,"3409 Woodland Park Avenue North, Seattle, Washington, 98103",98103,47.671346,-122.34166,WA
91,101,Fourth Dementia - Bourbon Barrel-Aged,Kuhnhenn Brewing Company,English Old Ale,13.5,4.55,1972,/beer/profile/2097/34313/,/beer/profile/2097/,/beer/styles/79/,"5919 Chicago Rd, Warren, Michigan, 48092-1606",48092,42.511293,-83.0597,MI
92,102,Mexican Brunch,Kane Brewing Company,American Imperial Porter,9.2,4.56,534,/beer/profile/26676/173480/,/beer/profile/26676/,/beer/styles/192/,"1750 Bloomsbury Ave, Ocean, New Jersey, 07712",7712,40.232713000000004,-74.03143,NJ
93,103,Double Shot,Tree House Brewing Company,American Stout,7.6,4.55,1046,/beer/profile/28743/113784/,/beer/profile/28743/,/beer/styles/158/,"129 Sturbridge Rd, Charlton, Massachusetts, 01507",1507,42.135142,-71.96961,MA
94,104,Leaner,Casey Brewing & Blending,Belgian Saison,8.0,4.59,159,/beer/profile/35633/208419/,/beer/profile/35633/,/beer/styles/129/,"3421 Grand Ave, Glenwood Springs, Colorado, 81601",81601,39.533318,-107.32106999999999,CO
95,105,Hold On To Sunshine,Tree House Brewing Company,English Sweet / Milk Stout,7.6,4.56,409,/beer/profile/28743/302814/,/beer/profile/28743/,/beer/styles/82/,"129 Sturbridge Rd, Charlton, Massachusetts, 01507",1507,42.135142,-71.96961,MA
96,107,Black Note Stout,Bell's Brewery - Eccentric Café & General Store,American Imperial Stout,11.2,4.54,4869,/beer/profile/287/37265/,/beer/profile/287/,/beer/styles/157/,"355 E Kalamazoo Ave, Kalamazoo, Michigan, 49007",49007,42.29714,-85.58573,MI
97,108,Black Tuesday,The Bruery,American Imperial Stout,19.5,4.54,4071,/beer/profile/16866/51257/,/beer/profile/16866/,/beer/styles/157/,"715 Dunn Way, Placentia, California, 92870",92870,33.883314,-117.85446,CA
98,110,Double Dry Hopped Double Mosaic Dream,Other Half Brewing Co.,New England IPA,8.5,4.55,535,/beer/profile/33510/249487/,/beer/profile/33510/,/beer/styles/189/,"195 Centre St, Brooklyn, New York, 11231-3907",11231,40.6788,-74.00254,NY
99,111,Society & Solitude #5,Hill Farmstead Brewery,New England IPA,8.1,4.54,1563,/beer/profile/22511/85523/,/beer/profile/22511/,/beer/styles/189/,"403 Hill Rd, Greensboro Bend, Vermont, 05842-8813",5842,44.574196,-72.24333,VT
100,112,Double Nelson,Hill Farmstead Brewery,New England IPA,8.0,4.56,305,/beer/profile/22511/264355/,/beer/profile/22511/,/beer/styles/189/,"403 Hill Rd, Greensboro Bend, Vermont, 05842-8813",5842,44.574196,-72.24333,VT
101,113,Scaled Way Up,Trillium Brewing Company,New England IPA,8.0,4.55,501,/beer/profile/30654/223613/,/beer/profile/30654/,/beer/styles/189/,"50 Thomson Pl., Boston, Massachusetts, 02210",2210,42.347974,-71.04463,MA
102,114,Double Dry Hopped Mylar Bags,Other Half Brewing Co.,New England IPA,8.5,4.55,428,/beer/profile/33510/261445/,/beer/profile/33510/,/beer/styles/189/,"195 Centre St, Brooklyn, New York, 11231-3907",11231,40.6788,-74.00254,NY
103,115,Parabajava,Firestone Walker Brewing Co.,Russian Imperial Stout,14.0,4.54,869,/beer/profile/2210/92314/,/beer/profile/2210/,/beer/styles/84/,"1400 Ramada Dr, Paso Robles, California, 93446",93446,35.640589,-120.70418000000001,CA
104,116,Notorious Triple IPA,Boneyard Beer Company,American Imperial IPA,12.0,4.54,845,/beer/profile/23066/70013/,/beer/profile/23066/,/beer/styles/140/,"37 NW Lake Pl, Suite B, Bend, Oregon, 97701",97701,44.091256,-121.29768999999999,OR
105,117,Double Dry Hopped Double Mosaic Daydream,Other Half Brewing Co.,New England IPA,8.5,4.55,367,/beer/profile/33510/287574/,/beer/profile/33510/,/beer/styles/189/,"195 Centre St, Brooklyn, New York, 11231-3907",11231,40.6788,-74.00254,NY
106,118,Bourbon Barrel Aged Plead The 5th,Dark Horse Brewing Company,Russian Imperial Stout,12.0,4.53,3297,/beer/profile/1471/60426/,/beer/profile/1471/,/beer/styles/84/,"511 South Kalamazoo Street, Marshall, Michigan, 49068",49068,42.277837,-84.94869,MI
107,119,Chocolate Rain,The Bruery,American Imperial Stout,19.6,4.53,2800,/beer/profile/16866/53728/,/beer/profile/16866/,/beer/styles/157/,"715 Dunn Way, Placentia, California, 92870",92870,33.883314,-117.85446,CA
108,120,Cutting Tiles (Mosaic),Trillium Brewing Company,New England IPA,8.5,4.53,1322,/beer/profile/30654/169611/,/beer/profile/30654/,/beer/styles/189/,"50 Thomson Pl., Boston, Massachusetts, 02210",2210,42.347974,-71.04463,MA
109,121,Imperial German Chocolate Cupcake Stout,Angry Chair Brewing,American Imperial Stout,11.5,4.56,210,/beer/profile/32409/241899/,/beer/profile/32409/,/beer/styles/157/,"6401 N Florida Ave, Tampa, Florida, 33604-6007",33604,28.016846,-82.4566,FL
110,122,A Deal With The Devil,Anchorage Brewing Company,American Barleywine,17.3,4.53,1082,/beer/profile/24903/89499/,/beer/profile/24903/,/beer/styles/19/,"148 W 91st Ave, Anchorage, Alaska, 99515-1901",99515,61.12294300000001,-149.88852,AK
111,123,In Perpetuity,Tree House Brewing Company,New England IPA,6.7,4.53,985,/beer/profile/28743/189696/,/beer/profile/28743/,/beer/styles/189/,"129 Sturbridge Rd, Charlton, Massachusetts, 01507",1507,42.135142,-71.96961,MA
112,125,Great,Alpine Beer Company,American Barleywine,14.0,4.53,718,/beer/profile/3120/25364/,/beer/profile/3120/,/beer/styles/19/,"2351 Alpine Blvd., Alpine, California, 91901",91901,32.823102,-116.73863999999999,CA
113,126,§ucaba,Firestone Walker Brewing Co.,British Barleywine,12.5,4.52,5334,/beer/profile/2210/41121/,/beer/profile/2210/,/beer/styles/152/,"1400 Ramada Dr, Paso Robles, California, 93446",93446,35.640589,-120.70418000000001,CA
114,127,Coconut Medianoche,WeldWerks Brewing Co.,American Imperial Stout,14.1,4.59,103,/beer/profile/38773/218283/,/beer/profile/38773/,/beer/styles/157/,"508 8th Ave, Greeley, Colorado, 80631-3914",80631,40.421845000000005,-104.69175,CO
115,128,Pirate Bomb!,Prairie Artisan Ales,American Imperial Stout,15.0,4.52,2301,/beer/profile/30356/102340/,/beer/profile/30356/,/beer/styles/157/,"223 N Main St, Tulsa, Oklahoma, 74103",74103,36.156892,-95.99508,OK
116,129,Speedway Stout - Bourbon Barrel-Aged,AleSmith Brewing Company,American Imperial Stout,12.0,4.52,2246,/beer/profile/396/31484/,/beer/profile/396/,/beer/styles/157/,"9990 AleSmith Ct, San Diego, California, 92126",92126,32.914346,-117.14116000000001,CA
117,131,The Cut: Sour Balaton Cherry,Casey Brewing & Blending,American Wild Ale,5.0,4.57,139,/beer/profile/35633/165017/,/beer/profile/35633/,/beer/styles/171/,"3421 Grand Ave, Glenwood Springs, Colorado, 81601",81601,39.533318,-107.32106999999999,CO
118,132,Grey Monday,The Bruery,American Imperial Stout,19.9,4.52,1861,/beer/profile/16866/74295/,/beer/profile/16866/,/beer/styles/157/,"715 Dunn Way, Placentia, California, 92870",92870,33.883314,-117.85446,CA
119,133,Society & Solitude #6,Hill Farmstead Brewery,New England IPA,8.1,4.52,938,/beer/profile/22511/90634/,/beer/profile/22511/,/beer/styles/189/,"403 Hill Rd, Greensboro Bend, Vermont, 05842-8813",5842,44.574196,-72.24333,VT
120,134,Montmorency Vs Balaton,Jester King Brewery,American Wild Ale,6.7,4.52,844,/beer/profile/24018/114236/,/beer/profile/24018/,/beer/styles/171/,"13005 Fitzhugh Road, Bld. B, Austin, Texas, 78736",78736,30.245558000000003,-97.94176999999999,TX
121,136,Bourbon Barrel Aged Dark Star: Coffee Edition,Fremont Brewing Company,English Oatmeal Stout,13.1,4.52,787,/beer/profile/20680/143753/,/beer/profile/20680/,/beer/styles/69/,"3409 Woodland Park Avenue North, Seattle, Washington, 98103",98103,47.671346,-122.34166,WA
122,138,Breakfast Stout,Founders Brewing Company,American Imperial Stout,8.3,4.51,17371,/beer/profile/1199/11757/,/beer/profile/1199/,/beer/styles/157/,"235 Grandville Ave SW, Grand Rapids, Michigan, 49503",49503,42.964176,-85.65885,MI
123,139,Bourbon County Brand Barleywine Ale,Goose Island Beer Co.,British Barleywine,14.4,4.51,5458,/beer/profile/1146/100421/,/beer/profile/1146/,/beer/styles/152/,"1800 W Fulton St, Chicago, Illinois, 60612-2512",60612,41.880682,-87.6877,IL
124,140,Pseudo Sue,Toppling Goliath Brewing Company,American Pale Ale (APA),6.2,4.51,5118,/beer/profile/23222/72170/,/beer/profile/23222/,/beer/styles/97/,"1600 Prosperity Rd, Decorah, Iowa, 52101",52101,43.345879,-91.77186999999999,IA
125,141,"Somewhere, Something Incredible Is Waiting To Be Known",Tree House Brewing Company,English Sweet / Milk Stout,7.9,4.53,315,/beer/profile/28743/313583/,/beer/profile/28743/,/beer/styles/82/,"129 Sturbridge Rd, Charlton, Massachusetts, 01507",1507,42.135142,-71.96961,MA
126,142,Cutting Tiles (Galaxy),Trillium Brewing Company,New England IPA,8.5,4.52,537,/beer/profile/30654/245080/,/beer/profile/30654/,/beer/styles/189/,"50 Thomson Pl., Boston, Massachusetts, 02210",2210,42.347974,-71.04463,MA
127,143,Impermanence,Tree House Brewing Company,English Sweet / Milk Stout,9.0,4.52,307,/beer/profile/28743/335837/,/beer/profile/28743/,/beer/styles/82/,"129 Sturbridge Rd, Charlton, Massachusetts, 01507",1507,42.135142,-71.96961,MA
128,145,Clare's Thirsty Ale,Haymarket Beer Co. Pub & Brewery,American Imperial Stout,12.5,4.53,293,/beer/profile/24445/75343/,/beer/profile/24445/,/beer/styles/157/,"737 W Randolph St, Chicago, Illinois, 60661-2103",60661,41.882082000000004,-87.64461,IL
129,146,Double Dry Hopped Melcher Street,Trillium Brewing Company,New England IPA,7.2,4.51,1285,/beer/profile/30654/150209/,/beer/profile/30654/,/beer/styles/189/,"50 Thomson Pl., Boston, Massachusetts, 02210",2210,42.347974,-71.04463,MA
130,147,Kiwi Herman,Alpine Beer Company,American Wild Ale,7.0,4.53,286,/beer/profile/3120/153559/,/beer/profile/3120/,/beer/styles/171/,"2351 Alpine Blvd., Alpine, California, 91901",91901,32.823102,-116.73863999999999,CA
131,148,Mosaic Dry Hopped Fort Point,Trillium Brewing Company,American Pale Ale (APA),6.6,4.51,1231,/beer/profile/30654/154542/,/beer/profile/30654/,/beer/styles/97/,"50 Thomson Pl., Boston, Massachusetts, 02210",2210,42.347974,-71.04463,MA
132,150,Double Dry Hopped All Citra Everything,Other Half Brewing Co.,New England IPA,8.5,4.52,435,/beer/profile/33510/254441/,/beer/profile/33510/,/beer/styles/189/,"195 Centre St, Brooklyn, New York, 11231-3907",11231,40.6788,-74.00254,NY
133,151,Citraquench'l,Heist Brewery,New England IPA,7.1,4.53,271,/beer/profile/29922/220784/,/beer/profile/29922/,/beer/styles/189/,"2901 N Davidson St, Charlotte, North Carolina, 28205-1078",28205,35.222406,-80.79221,NC
134,153,Saison Bernice,Sante Adairius Rustic Ales,Belgian Saison,6.5,4.51,986,/beer/profile/28019/84487/,/beer/profile/28019/,/beer/styles/129/,"103 Kennedy Dr, Capitola, California, 95010-3640",95010,36.9761,-121.95316000000001,CA
135,154,Upper Case,Trillium Brewing Company,New England IPA,9.0,4.51,971,/beer/profile/30654/162357/,/beer/profile/30654/,/beer/styles/189/,"50 Thomson Pl., Boston, Massachusetts, 02210",2210,42.347974,-71.04463,MA
136,155,Barrel-Aged Malevolence Chocolate Caliente,Spiteful Brewing,American Imperial Stout,10.5,4.58,93,/beer/profile/30454/163201/,/beer/profile/30454/,/beer/styles/157/,"2024 W Balmoral Ave, Chicago, Illinois, 60625",60625,41.971614,-87.70255999999999,IL
137,157,Smooth,Side Project Brewing,American Wild Ale,6.0,4.56,120,/beer/profile/32319/209252/,/beer/profile/32319/,/beer/styles/171/,"7373 Marietta Ave, Maplewood, Missouri, 63143-3101",63143,38.612452000000005,-90.31822,MO
138,158,Bomb!,Prairie Artisan Ales,American Imperial Stout,13.0,4.5,6390,/beer/profile/30356/94350/,/beer/profile/30356/,/beer/styles/157/,"223 N Main St, Tulsa, Oklahoma, 74103",74103,36.156892,-95.99508,OK
139,159,Genealogy Of Morals - Bourbon Barrel-Aged,Hill Farmstead Brewery,American Imperial Stout,10.7,4.51,653,/beer/profile/22511/96955/,/beer/profile/22511/,/beer/styles/157/,"403 Hill Rd, Greensboro Bend, Vermont, 05842-8813",5842,44.574196,-72.24333,VT
140,160,Abrasive Ale,Surly Brewing Company,American Imperial IPA,9.0,4.5,4677,/beer/profile/13014/46849/,/beer/profile/13014/,/beer/styles/140/,"4811 Dusharme Dr, Brooklyn Center, Minnesota, 55429",55429,45.064714,-93.34155,MN
141,161,Ground State,Bottle Logic Brewing,American Imperial Stout,13.4,4.51,613,/beer/profile/33824/220224/,/beer/profile/33824/,/beer/styles/157/,"1072 N Armando St, Anaheim, California, 92806-2605",92806,33.835465,-117.87361999999999,CA
142,162,Permanent Funeral,3 Floyds Brewing Co.,American Imperial IPA,10.5,4.5,3005,/beer/profile/26/91670/,/beer/profile/26/,/beer/styles/140/,"9750 Indiana Pkwy, Munster, Indiana, 46321-4004",46321,41.551457,-87.50143,IN
143,163,Everett Porter,Hill Farmstead Brewery,American Porter,7.5,4.5,2777,/beer/profile/22511/61062/,/beer/profile/22511/,/beer/styles/159/,"403 Hill Rd, Greensboro Bend, Vermont, 05842-8813",5842,44.574196,-72.24333,VT
144,164,Barrel-Aged Sump Coffee Stout,Perennial Artisan Ales,American Imperial Stout,10.5,4.51,577,/beer/profile/25888/87679/,/beer/profile/25888/,/beer/styles/157/,"8125 Michigan Ave, Saint Louis, Missouri, 63111-3500",63111,38.559302,-90.25174,MO
145,165,Congress Street IPA,Trillium Brewing Company,New England IPA,7.2,4.5,2321,/beer/profile/30654/100443/,/beer/profile/30654/,/beer/styles/189/,"50 Thomson Pl., Boston, Massachusetts, 02210",2210,42.347974,-71.04463,MA
146,166,Susan,Hill Farmstead Brewery,New England IPA,6.2,4.5,2000,/beer/profile/22511/86487/,/beer/profile/22511/,/beer/styles/189/,"403 Hill Rd, Greensboro Bend, Vermont, 05842-8813",5842,44.574196,-72.24333,VT
147,167,Speedway Stout - Vietnamese Coffee,AleSmith Brewing Company,American Imperial Stout,12.0,4.5,1946,/beer/profile/396/75218/,/beer/profile/396/,/beer/styles/157/,"9990 AleSmith Ct, San Diego, California, 92126",92126,32.914346,-117.14116000000001,CA
148,168,Dorothy (Wine Barrel Aged),Hill Farmstead Brewery,Belgian Saison,7.0,4.53,215,/beer/profile/22511/239223/,/beer/profile/22511/,/beer/styles/129/,"403 Hill Rd, Greensboro Bend, Vermont, 05842-8813",5842,44.574196,-72.24333,VT
149,169,Coconut B-Bomb,Fremont Brewing Company,American Strong Ale,13.0,4.53,215,/beer/profile/20680/315318/,/beer/profile/20680/,/beer/styles/78/,"3409 Woodland Park Avenue North, Seattle, Washington, 98103",98103,47.671346,-122.34166,WA
150,171,Barrel-Aged Silhouette,Lift Bridge Brewery,Russian Imperial Stout,10.0,4.51,494,/beer/profile/18563/89958/,/beer/profile/18563/,/beer/styles/84/,"1900 Tower Dr W, Stillwater, Minnesota, 55082",55082,45.054551000000004,-92.82581,MN
151,172,Mocha Wednesday,The Bruery,American Imperial Stout,19.9,4.5,1441,/beer/profile/16866/109989/,/beer/profile/16866/,/beer/styles/157/,"715 Dunn Way, Placentia, California, 92870",92870,33.883314,-117.85446,CA
152,173,All That Is And All That Ever Will Be,Tree House Brewing Company,English Sweet / Milk Stout,6.5,4.52,288,/beer/profile/28743/249986/,/beer/profile/28743/,/beer/styles/82/,"129 Sturbridge Rd, Charlton, Massachusetts, 01507",1507,42.135142,-71.96961,MA
153,174,BDCS,Ozark Beer Co.,American Imperial Stout,10.2,4.51,469,/beer/profile/33344/164444/,/beer/profile/33344/,/beer/styles/157/,"109 N Arkansas St, Rogers, Arkansas, 72756-5923",72756,36.342234999999995,-94.07141,AR
154,175,Heavy Mettle,Trillium Brewing Company,New England IPA,9.3,4.5,1169,/beer/profile/30654/130699/,/beer/profile/30654/,/beer/styles/189/,"50 Thomson Pl., Boston, Massachusetts, 02210",2210,42.347974,-71.04463,MA
155,176,DFPF,J. Wakefield Brewing,Berliner Weisse,3.5,4.51,424,/beer/profile/36710/153168/,/beer/profile/36710/,/beer/styles/87/,"120 NW 24th St, Miami, Florida, 33127-4414",33127,25.813807999999998,-80.2058,FL
156,177,Leche Borracho,Bottle Logic Brewing,American Imperial Stout,11.0,4.51,397,/beer/profile/33824/120155/,/beer/profile/33824/,/beer/styles/157/,"1072 N Armando St, Anaheim, California, 92806-2605",92806,33.835465,-117.87361999999999,CA
157,179,Hunahpu's Imperial Stout - Bourbon Barrel-Aged,Cigar City Brewing,American Imperial Stout,14.6,4.51,374,/beer/profile/17981/54647/,/beer/profile/17981/,/beer/styles/157/,"3924 W Spruce St, Tampa, Florida, 33607-2441",33607,27.963797999999997,-82.49537,FL
158,180,Appervation,Jackie O's Pub & Brewery,American Imperial Stout,15.0,4.52,242,/beer/profile/1432/281369/,/beer/profile/1432/,/beer/styles/157/,"24 W Union St, Athens, Ohio, 45701-2818",45701,39.322846999999996,-82.09728,OH
159,181,La Fosse,Side Project Brewing,American Wild Ale,8.0,4.51,357,/beer/profile/32319/124810/,/beer/profile/32319/,/beer/styles/171/,"7373 Marietta Ave, Maplewood, Missouri, 63143-3101",63143,38.612452000000005,-90.31822,MO
160,182,Label Us Notorious - Calvados BA Big Poppa,J. Wakefield Brewing,American Imperial Stout,17.0,4.64,48,/beer/profile/36710/268562/,/beer/profile/36710/,/beer/styles/157/,"120 NW 24th St, Miami, Florida, 33127-4414",33127,25.813807999999998,-80.2058,FL
161,183,Space Trace,Bottle Logic Brewing,American Imperial Stout,11.1,4.51,349,/beer/profile/33824/221353/,/beer/profile/33824/,/beer/styles/157/,"1072 N Armando St, Anaheim, California, 92806-2605",92806,33.835465,-117.87361999999999,CA
162,184,I Let My Tape Rock,J. Wakefield Brewing,American Imperial Stout,17.0,4.73,30,/beer/profile/36710/327893/,/beer/profile/36710/,/beer/styles/157/,"120 NW 24th St, Miami, Florida, 33127-4414",33127,25.813807999999998,-80.2058,FL
163,185,Consecration,Russian River Brewing Company,American Wild Ale,10.0,4.49,5488,/beer/profile/863/45653/,/beer/profile/863/,/beer/styles/171/,"725 4th St, Santa Rosa, California, 95404-4407",95404,38.457611,-122.69317,CA
164,186,Bad Boy,Alpine Beer Company,American Imperial IPA,9.0,4.5,582,/beer/profile/3120/34090/,/beer/profile/3120/,/beer/styles/140/,"2351 Alpine Blvd., Alpine, California, 91901",91901,32.823102,-116.73863999999999,CA
165,187,Midnight Still,Holy Mountain Brewing Company,American Imperial Stout,12.5,4.54,135,/beer/profile/36949/216398/,/beer/profile/36949/,/beer/styles/157/,"1421 Elliott Ave W, Seattle, Washington, 98119-3104",98119,47.63877,-122.36693999999999,WA
166,188,Sosus,Toppling Goliath Brewing Company,New England IPA,8.0,4.49,1822,/beer/profile/23222/93219/,/beer/profile/23222/,/beer/styles/189/,"1600 Prosperity Rd, Decorah, Iowa, 52101",52101,43.345879,-91.77186999999999,IA
167,189,Art,Hill Farmstead Brewery,Belgian Saison,6.5,4.5,496,/beer/profile/22511/66815/,/beer/profile/22511/,/beer/styles/129/,"403 Hill Rd, Greensboro Bend, Vermont, 05842-8813",5842,44.574196,-72.24333,VT
168,190,No Rules,Perrin Brewing Co.,American Imperial Porter,15.0,4.49,1347,/beer/profile/29952/172420/,/beer/profile/29952/,/beer/styles/192/,"5910 Comstock Park Dr NW, Comstock Park, Michigan, 49321-8256",49321,43.059661,-85.67384,MI
169,191,Foggier Window,Monkish Brewing Co.,New England IPA,8.1,4.52,202,/beer/profile/28657/254769/,/beer/profile/28657/,/beer/styles/189/,"20311 S Western Ave, Torrance, California, 90501-1504",90501,33.828765999999995,-118.31367,CA
170,192,Barrel Aged Bomb!,Prairie Artisan Ales,American Imperial Stout,11.2,4.49,1187,/beer/profile/30356/139521/,/beer/profile/30356/,/beer/styles/157/,"223 N Main St, Tulsa, Oklahoma, 74103",74103,36.156892,-95.99508,OK
171,193,Foggy Window,Monkish Brewing Co.,New England IPA,8.1,4.52,197,/beer/profile/28657/226305/,/beer/profile/28657/,/beer/styles/189/,"20311 S Western Ave, Torrance, California, 90501-1504",90501,33.828765999999995,-118.31367,CA
172,195,Okie Paradise,Prairie Artisan Ales,American Strong Ale,12.0,4.6,61,/beer/profile/30356/271939/,/beer/profile/30356/,/beer/styles/78/,"223 N Main St, Tulsa, Oklahoma, 74103",74103,36.156892,-95.99508,OK
173,196,Blanc De Blancs,Side Project Brewing,Bière de Champagne / Bière Brut,10.0,4.51,250,/beer/profile/32319/130409/,/beer/profile/32319/,/beer/styles/141/,"7373 Marietta Ave, Maplewood, Missouri, 63143-3101",63143,38.612452000000005,-90.31822,MO
174,197,Number Crunch,Bottle Logic Brewing,American Imperial Stout,13.6,4.52,182,/beer/profile/33824/290407/,/beer/profile/33824/,/beer/styles/157/,"1072 N Armando St, Anaheim, California, 92806-2605",92806,33.835465,-117.87361999999999,CA
175,198,Aurelian Lure,Jester King Brewery,American Wild Ale,5.4,4.49,733,/beer/profile/24018/101980/,/beer/profile/24018/,/beer/styles/171/,"13005 Fitzhugh Road, Bld. B, Austin, Texas, 78736",78736,30.245558000000003,-97.94176999999999,TX
176,199,Solstice Stout,Kuhnhenn Brewing Company,American Imperial Stout,16.0,4.54,119,/beer/profile/2097/123872/,/beer/profile/2097/,/beer/styles/157/,"5919 Chicago Rd, Warren, Michigan, 48092-1606",48092,42.511293,-83.0597,MI
177,200,Peche Du Fermier,Side Project Brewing,Belgian Saison,8.0,4.52,175,/beer/profile/32319/134768/,/beer/profile/32319/,/beer/styles/129/,"7373 Marietta Ave, Maplewood, Missouri, 63143-3101",63143,38.612452000000005,-90.31822,MO
178,201,Darkness,Surly Brewing Company,Russian Imperial Stout,10.3,4.48,4062,/beer/profile/13014/33127/,/beer/profile/13014/,/beer/styles/84/,"4811 Dusharme Dr, Brooklyn Center, Minnesota, 55429",55429,45.064714,-93.34155,MN
179,202,Mexican Siberius Maximus,The Wrecking Bar Brewpub,Russian Imperial Stout,11.0,4.58,69,/beer/profile/25800/103433/,/beer/profile/25800/,/beer/styles/84/,"292 Moreland Ave NE, Atlanta, Georgia, 30307",30307,33.768205,-84.33785999999999,GA
180,203,Crusher,The Alchemist,New England IPA,8.0,4.48,2211,/beer/profile/46317/114804/,/beer/profile/46317/,/beer/styles/189/,"100 Cottage Club Rd, Stowe, Vermont, 05672-4139",5672,44.475387,-72.70225,VT
181,204,Barrel Aged Christmas Bomb!,Prairie Artisan Ales,American Imperial Stout,13.0,4.52,164,/beer/profile/30356/258280/,/beer/profile/30356/,/beer/styles/157/,"223 N Main St, Tulsa, Oklahoma, 74103",74103,36.156892,-95.99508,OK
182,205,Bourbon Barrel Oro Negro,Jackie O's Pub & Brewery,American Imperial Stout,12.1,4.49,525,/beer/profile/1432/243557/,/beer/profile/1432/,/beer/styles/157/,"24 W Union St, Athens, Ohio, 45701-2818",45701,39.322846999999996,-82.09728,OH
183,206,Sante Adairius / Triple Rock Cellarman Barrel Aged Saison,Sante Adairius Rustic Ales,Belgian Saison,6.5,4.49,509,/beer/profile/28019/157616/,/beer/profile/28019/,/beer/styles/129/,"103 Kennedy Dr, Capitola, California, 95010-3640",95010,36.9761,-121.95316000000001,CA
184,207,Apple Brandy Barrel Noir,Prairie Artisan Ales,American Imperial Stout,12.0,4.48,1644,/beer/profile/30356/149331/,/beer/profile/30356/,/beer/styles/157/,"223 N Main St, Tulsa, Oklahoma, 74103",74103,36.156892,-95.99508,OK
185,208,Modem Tones - Bourbon Barrel-Aged - Vanilla,Modern Times Beer,American Imperial Stout,14.4,4.62,49,/beer/profile/31987/319512/,/beer/profile/31987/,/beer/styles/157/,"3725 Greenwood St, San Diego, California, 92110-4441",92110,32.766482,-117.20076999999999,CA
186,209,Caffè Americano,Cigar City Brewing,American Imperial Stout,12.0,4.48,1107,/beer/profile/17981/98020/,/beer/profile/17981/,/beer/styles/157/,"3924 W Spruce St, Tampa, Florida, 33607-2441",33607,27.963797999999997,-82.49537,FL
187,210,Red Eye November,Bottle Logic Brewing,Russian Imperial Stout,13.2,4.5,248,/beer/profile/33824/201187/,/beer/profile/33824/,/beer/styles/84/,"1072 N Armando St, Anaheim, California, 92806-2605",92806,33.835465,-117.87361999999999,CA
188,211,Jammy,Side Project Brewing,American Wild Ale,8.0,4.52,145,/beer/profile/32319/263850/,/beer/profile/32319/,/beer/styles/171/,"7373 Marietta Ave, Maplewood, Missouri, 63143-3101",63143,38.612452000000005,-90.31822,MO
189,212,Damon (Bourbon Barrel Aged),Hill Farmstead Brewery,Russian Imperial Stout,10.5,4.48,777,/beer/profile/22511/77273/,/beer/profile/22511/,/beer/styles/84/,"403 Hill Rd, Greensboro Bend, Vermont, 05842-8813",5842,44.574196,-72.24333,VT
191,214,Coolship Red,Allagash Brewing Company,Belgian Fruit Lambic,5.7,4.48,698,/beer/profile/4/58839/,/beer/profile/4/,/beer/styles/10/,"50 Industrial Way, Portland, Maine, 04103-1042",4103,43.685882,-70.2903,ME
192,215,Double Orange Starfish,Aslin Beer Company,New England IPA,8.3,4.49,347,/beer/profile/42560/236710/,/beer/profile/42560/,/beer/styles/189/,"257 Sunset Park Dr, Herndon, Virginia, 20170-5220",20170,38.977109000000006,-77.38526999999999,VA
193,216,Juicy,Hill Farmstead Brewery,Belgian Saison,7.4,4.48,684,/beer/profile/22511/87341/,/beer/profile/22511/,/beer/styles/129/,"403 Hill Rd, Greensboro Bend, Vermont, 05842-8813",5842,44.574196,-72.24333,VT
194,217,The Abyss,Deschutes Brewery,American Imperial Stout,11.4,4.47,7396,/beer/profile/63/34420/,/beer/profile/63/,/beer/styles/157/,"901 SW Simpson Ave, Bend, Oregon, 97702",97702,44.020483,-121.30891000000001,OR
195,218,Bourbon Barrel Champion Ground,Jackie O's Pub & Brewery,American Imperial Stout,12.0,4.48,623,/beer/profile/1432/187700/,/beer/profile/1432/,/beer/styles/157/,"24 W Union St, Athens, Ohio, 45701-2818",45701,39.322846999999996,-82.09728,OH
196,219,Double Dry Hopped Double Citra Daydream,Other Half Brewing Co.,New England IPA,8.5,4.5,220,/beer/profile/33510/304471/,/beer/profile/33510/,/beer/styles/189/,"195 Centre St, Brooklyn, New York, 11231-3907",11231,40.6788,-74.00254,NY
197,220,Stickee Monkee,Firestone Walker Brewing Co.,Belgian Quadrupel (Quad),12.5,4.47,2860,/beer/profile/2210/63249/,/beer/profile/2210/,/beer/styles/142/,"1400 Ramada Dr, Paso Robles, California, 93446",93446,35.640589,-120.70418000000001,CA
198,221,Abraxas,Perennial Artisan Ales,American Imperial Stout,10.0,4.47,2851,/beer/profile/25888/76393/,/beer/profile/25888/,/beer/styles/157/,"8125 Michigan Ave, Saint Louis, Missouri, 63111-3500",63111,38.559302,-90.25174,MO
199,222,All Infinity Everything,Other Half Brewing Co.,New England IPA,8.7,4.53,112,/beer/profile/33510/307489/,/beer/profile/33510/,/beer/styles/189/,"195 Centre St, Brooklyn, New York, 11231-3907",11231,40.6788,-74.00254,NY
200,226,Ten FIDY - Bourbon Barrel Aged,Oskar Blues Grill & Brew,Russian Imperial Stout,12.9,4.47,2051,/beer/profile/2681/189272/,/beer/profile/2681/,/beer/styles/84/,"303 Main Street, Lyons, Colorado, 80540",80540,40.253033,-105.33762,CO
201,227,Jam The Radar,Bottle Logic Brewing,American Imperial Stout,13.7,4.49,290,/beer/profile/33824/221356/,/beer/profile/33824/,/beer/styles/157/,"1072 N Armando St, Anaheim, California, 92806-2605",92806,33.835465,-117.87361999999999,CA
202,228,Bodhi,Columbus Brewing Company,American Imperial IPA,8.5,4.47,1679,/beer/profile/341/53187/,/beer/profile/341/,/beer/styles/140/,"2555 Harrison Rd, Columbus, Ohio, 43204-3511",43204,39.958496000000004,-83.08230999999999,OH
203,230,Bourbon Barrel Black Maple,Jackie O's Pub & Brewery,American Imperial Porter,11.0,4.47,1080,/beer/profile/1432/132105/,/beer/profile/1432/,/beer/styles/192/,"24 W Union St, Athens, Ohio, 45701-2818",45701,39.322846999999996,-82.09728,OH
204,231,Fuzzy Baby Ducks IPA,New England Brewing Co.,New England IPA,6.2,4.47,1046,/beer/profile/357/82482/,/beer/profile/357/,/beer/styles/189/,"175 Amity Rd, Woodbridge, Connecticut, 06525-2201",6525,41.352964,-73.01212,CT
205,232,Adam From The Wood,Hair Of The Dog Brewing Company / Brewery And Tasting Room,English Old Ale,12.0,4.47,1008,/beer/profile/173/20767/,/beer/profile/173/,/beer/styles/79/,"61 SE Yamhill St, Portland, Oregon, 97214",97214,45.51379,-122.6458,OR
206,233,Ghost In The Machine,Parish Brewing Company,New England IPA,8.0,4.47,895,/beer/profile/24822/113403/,/beer/profile/24822/,/beer/styles/189/,"229 Jared Dr, Broussard, Louisiana, 70518-4362",70518,30.134801,-91.95251,LA
207,234,Emerald Grouper,Pipeworks Brewing Company,American Imperial IPA,9.5,4.47,857,/beer/profile/28178/106161/,/beer/profile/28178/,/beer/styles/140/,"3912 W McLean Ave, Chicago, Illinois, 60647-5972",60647,41.921126,-87.70085,IL
208,235,Locust Reign,New England Brewing Co.,New England IPA,8.2,4.48,371,/beer/profile/357/128419/,/beer/profile/357/,/beer/styles/189/,"175 Amity Rd, Woodbridge, Connecticut, 06525-2201",6525,41.352964,-73.01212,CT
209,237,Dragonsaddle,Hoof Hearted Brewing,New England IPA,11.5,4.48,332,/beer/profile/30179/113655/,/beer/profile/30179/,/beer/styles/189/,"300 County Road 26, Marengo, Ohio, 43334-9678",43334,40.399648,-82.80783000000001,OH
210,238,Expedition Stout - Bourbon Barrel-Aged,Bell's Brewery - Eccentric Café & General Store,Russian Imperial Stout,13.4,4.47,623,/beer/profile/287/130990/,/beer/profile/287/,/beer/styles/84/,"355 E Kalamazoo Ave, Kalamazoo, Michigan, 49007",49007,42.29714,-85.58573,MI
211,239,Coffee Abraxas,Perennial Artisan Ales,American Imperial Stout,10.0,4.47,610,/beer/profile/25888/101578/,/beer/profile/25888/,/beer/styles/157/,"8125 Michigan Ave, Saint Louis, Missouri, 63111-3500",63111,38.559302,-90.25174,MO
212,240,Darkstar November,Bottle Logic Brewing,Russian Imperial Stout,13.7,4.47,605,/beer/profile/33824/143023/,/beer/profile/33824/,/beer/styles/84/,"1072 N Armando St, Anaheim, California, 92806-2605",92806,33.835465,-117.87361999999999,CA
213,241,Samuel Adams Utopias,Boston Beer Company (Samuel Adams),American Strong Ale,28.0,4.46,2671,/beer/profile/35/25759/,/beer/profile/35/,/beer/styles/78/,"30 Germania St, Jamaica Plain, Massachusetts, 02130-2315",2130,42.309998,-71.11171,MA
214,242,Todd The Axe Man,Surly Brewing Company,American IPA,7.2,4.46,2659,/beer/profile/13014/138735/,/beer/profile/13014/,/beer/styles/116/,"4811 Dusharme Dr, Brooklyn Center, Minnesota, 55429",55429,45.064714,-93.34155,MN
215,243,Hop JuJu Imperial IPA,Fat Head's Brewery & Saloon,American Imperial IPA,9.0,4.46,2291,/beer/profile/19544/52928/,/beer/profile/19544/,/beer/styles/140/,"24581 Lorain Rd., North Olmsted, Ohio, 44070",44070,41.415096999999996,-81.91436,OH
216,244,Fort Point Pale Ale,Trillium Brewing Company,American Pale Ale (APA),6.6,4.46,2183,/beer/profile/30654/88949/,/beer/profile/30654/,/beer/styles/97/,"50 Thomson Pl., Boston, Massachusetts, 02210",2210,42.347974,-71.04463,MA
217,245,Second Fiddle,Fiddlehead Brewing Company,American Imperial IPA,8.2,4.46,2161,/beer/profile/27919/127652/,/beer/profile/27919/,/beer/styles/140/,"6305 Shelburne Rd, Shelburne, Vermont, 05482-4437",5482,44.388556,-73.22318,VT
218,246,Imperial Eclipse Stout - Elijah Craig (12 Year),FiftyFifty Brewing Co.,American Imperial Stout,11.9,4.46,2002,/beer/profile/14936/55063/,/beer/profile/14936/,/beer/styles/157/,"11197 Brockway Rd Suite 1, Truckee, CA 96161",96161,39.339574,-120.22805,CA
219,247,Fyodor,Stone Brewing,Russian Imperial Stout,13.1,4.46,1366,/beer/profile/147/52752/,/beer/profile/147/,/beer/styles/84/,"1999 Citracado Parkway, Escondido, California, 92029",92029,33.087868,-117.11558000000001,CA
220,248,Birth Of Tragedy,Hill Farmstead Brewery,American Imperial Porter,9.0,4.46,1265,/beer/profile/22511/75502/,/beer/profile/22511/,/beer/styles/192/,"403 Hill Rd, Greensboro Bend, Vermont, 05842-8813",5842,44.574196,-72.24333,VT
221,249,The Lily,de Garde Brewing,American Wild Ale,7.0,4.49,192,/beer/profile/31540/111985/,/beer/profile/31540/,/beer/styles/171/,"114 Ivy Ave, Tillamook, Oregon, 97141-8043",97141,45.459109000000005,-123.80389,OR
222,250,Double Dry Hopped Sleeper Street,Trillium Brewing Company,New England IPA,7.2,4.46,1058,/beer/profile/30654/156082/,/beer/profile/30654/,/beer/styles/189/,"50 Thomson Pl., Boston, Massachusetts, 02210",2210,42.347974,-71.04463,MA
